<powerbidataset uniquename="new_dataset_5dc43c81-ed22-4b12-b19d-b367b553449d">
  <datasetobjectid>742dbb9f-6d4c-4a7f-87b9-83ea2910cf03</datasetobjectid>
  <datasetoriginalobjectid>8f34f19c-8bd7-41d9-9c9b-cb9124ebf0df</datasetoriginalobjectid>
  <dataverseconnectionupdateenabled>0</dataverseconnectionupdateenabled>
  <iscustomizable>1</iscustomizable>
  <name>貸出</name>
  <package mimetype="application/zip">package.pbipkg</package>
  <statecode>0</statecode>
  <statuscode>1</statuscode>
  <workspaceobjectid>6c50cbc4-83f2-4153-bded-d9f19602655b</workspaceobjectid>
</powerbidataset>