<powerbireport uniquename="ya_b1adb06f6bbf45b8855ade76e8046d85">
  <datasetid>
    <uniquename>new_dataset_5dc43c81-ed22-4b12-b19d-b367b553449d</uniquename>
  </datasetid>
  <etag>638086033244330000</etag>
  <iscustomizable>1</iscustomizable>
  <name>貸出</name>
  <package mimetype="application/zip">package.pbipkg</package>
  <reportobjectid>0ecc9a19-d50c-43fe-9857-1ac505b962d8</reportobjectid>
  <reportoriginalobjectid>4db9ebfb-b595-4ec0-bc60-d6ffec61b94c</reportoriginalobjectid>
  <statecode>0</statecode>
  <statuscode>1</statuscode>
  <workspaceobjectid>6c50cbc4-83f2-4153-bded-d9f19602655b</workspaceobjectid>
</powerbireport>